",!0),l.name===""email""&&!i.value?(o(),m(d(U),{key:3,message:""Email is Required"",class:""pt-2""})):_(",",!0),l.name===&quot;email&quot;&amp;&amp;!i.value?(o(),m(d(U),{key:3,message:&quot;Podaj adres e-mail&quot;,class:&quot;pt-2&quot;})):_(",
",!0),t.key===""cta""&&r.status===""Paid""?(o(),m(e,{key:1,onClick:u=>f(r),class:""hover:bg-gray-900 hover:text-white"",""icon-left"":""download"",label:""Download Invoice""},null,8,[""onClick""])):_(",",!0),t.key===&quot;cta&quot;&amp;&amp;r.status===&quot;Zapłacono&quot;?(o(),m(e,{key:1,onClick:u=&gt;f(r),class:&quot;hover:bg-gray-900 hover:text-white&quot;,&quot;icon-left&quot;:&quot;pobierz&quot;,label:&quot;Pobierz fakturę&quot;},null,8,[&quot;onClick&quot;])):_(",
",!0)]),_:2},1032,[""item"",""align""])]),_:2},1032,[""row""]))),128))]),_:1},8,[""columns"",""rows""])):_(",",!0)]),_:2},1032,[&quot;element&quot;,&quot;wyrównaj&quot;])]),_:2},1032,[&quot;wiersz&quot;]))),128))]),_:1},8,[&quot;kolumny&quot;,&quot;wiersze&quot;])):_(",
...Adding Article to Topics,...Dodawanie artykułów do tematów,
...Adding Course to Programs,...Dodawanie kursów do programów,
...Adding Quiz to Topics,...Dodawanie quizu do tematów,
...Adding Topic to Courses,...Dodawanie tematów do kursów,
A question must have more than one options,Pytanie musi mieć więcej niż jedną opcję,
A qustion must have at least one correct options,Pytanie musi mieć co najmniej jedną poprawną odpowiedź,
A+,A+,
A-,A-,
AB+,AB +,
AB-,AB-,
About,O programie,
Absent,Nieobecny,
Absent Student Report,Raport o nieobecności ucznia,
Academic,Akademicki,
Academic Term,Termin akademicki,
Academic Term {0} does not belong to Academic Year {1},Semestr akademicki {0} nie należy do roku akademickiego {1},
Academic Year,Rok akademicki,
Academic Year Name,Nazwa roku akademickiego,
Academics User,Użytkownik akademicki,
Accounting,Księgowość,
Accounting Defaults,Domyślne wartości księgowe,
Accounting Dimensions,Wymiary księgowości,
Accounting Ledger,Księga rachunkowa,
Accounts,Konta,
Accounts Manager,Menedżer kont,
Accounts User,Użytkownik kont,
Achievement,Osiągnięcie,
Action,Akcja,
Actions,Akcje,
Active,Aktywny,
Activity,Aktywność,
Activity Date,Data aktywności,
Add,Dodaj,
Add Article to Topics,Dodaj artykuł do tematów,
Add Course to Programs,Dodaj kurs do programów,
Add Guardians to Email Group,Dodaj opiekunów do grupy e-mail,
Add Quiz to Topics,Dodaj quiz do tematów,
Add Topic to Courses,Dodaj temat do kursów,
Add letterhead,Dodaj papier firmowy,
Add to Courses,Dodaj do kursów,
Add to Programs,Dodaj do programów,
Add to Topics,Dodaj do tematów,
Address,Adres,
Address Line 1,Linia adresu 1,
Address Line 2,Linia adresu 2,
Administrator,Administrator,
Admission End Date,Data zakończenia przyjęć,
Admission End Date should be greater than Admission Start Date.,Data zakończenia przyjmowania musi być późniejsza niż data rozpoczęcia przyjmowania.,
Admission Start Date,Data rozpoczęcia przyjęć,
Admissions for {0},Rekrutacja na {0},
Admitted,Przyznał,
Against Invoice,Na fakturę,
All Student Admissions,Przyjęcia wszystkich studentów,
Alternate Number,Numer alternatywny,
Amended From,Zmienione z,
Amount,Kwota,
An academic term with this 'Academic Year' {0} and 'Term Name' {1} already exists. Please modify these entries and try again.,Semestr akademicki o tym „roku akademickim” {0} i „nazwie semestru” {1} już istnieje. Zmień te wpisy i spróbuj ponownie.,
Application Date,Data złożenia wniosku,
Application Fee,Opłata za aplikację,
Application Status,Status aplikacji,
Applied,Stosowany,
Apply Now,Złóż wniosek teraz,
Approve,Zatwierdzić,
Approved,Zatwierdzony,
Article,Artykuł,
As Examiner,Jako egzaminator,
As Supervisor,Jako Kierownik,
Assessment,Ocena,
Assessment Criteria,Kryteria oceny,
Assessment Criteria Group,Grupa kryteriów oceny,
Assessment Group,Grupa Oceniająca,
Assessment Group Name,Nazwa grupy oceniającej,
Assessment Name,Nazwa oceny,
Assessment Plan,Plan oceny,
Assessment Plan Criteria,Kryteria planu oceny,
Assessment Plan Name,Nazwa planu oceny,
Assessment Plan Status,Status planu oceny,
Assessment Report,Raport z oceny,
Assessment Result,Wynik oceny,
Assessment Result Detail,Szczegóły wyników oceny,
Assessment Result Tool,Narzędzie do wyników oceny,
Assessment Result record {0} already exists.,Rekord wyniku oceny {0} już istnieje.,
Assessment Terms,Warunki oceny,
Attendance,Frekwencja,
Attendance Based On,Obecność na podstawie,
Attendance Based on Course Schedule,Obecność na podstawie harmonogramu kursu,
Attendance Freeze Date,Data zamrożenia frekwencji,
Attendance cannot be marked for future dates.,Obecność nie może zostać zaznaczona na przyszłe terminy.,
Attendance cannot be marked for {0} as it is a holiday.,"Nie można zaznaczyć obecności dla {0}, ponieważ jest to święto.",
Attendance cannot be marked outside of Academic Year {0},Obecność nie może być sprawdzana poza rokiem akademickim {0},
Attendance has been marked successfully.,Obecność została pomyślnie zaliczona.,
Author,Autor,
B+,B +,
B-,B-,
Based On,Na podstawie,
Batch,Seria,
Batch Name,Nazwa partii,
Batch is mandatory in row {0},Partia jest obowiązkowa w wierszu {0},
Blood Group,Grupa Krwi,
Boarding Student,Uczeń z internatem,
"By default, Sales Invoice will be created against Program Enrollment / Fee Schedule.
If enabled Sales Order will be created","Domyślnie faktura sprzedaży zostanie utworzona na podstawie rejestracji w programie/harmonogramu opłat.
Jeśli opcja jest włączona, zostanie utworzone zamówienie sprzedaży",
"By default, a new User is created for every new Student. If enabled, no new User will be created when a new Student is created.","Domyślnie dla każdego nowego Ucznia tworzony jest nowy Użytkownik. Jeśli ta opcja jest włączona, nowy Użytkownik nie zostanie utworzony podczas tworzenia nowego Ucznia.",
"By default, the Sales Invoice Created will be in Draft Mode. If enabled, the Sales Invoice will be submitted once created.","Domyślnie utworzona faktura sprzedaży będzie w trybie roboczym. Jeśli ta opcja jest włączona, faktura sprzedaży zostanie przesłana po utworzeniu.",
"By default, the Sales Invoice's  Posting Date will be equal to Fee Schedule's Posting Date. If disabled then Sales Invoice's Posting Date will be today's date.","Domyślnie data księgowania faktury sprzedaży będzie równa dacie księgowania tabeli opłat. Jeśli ta opcja jest wyłączona, datą księgowania faktury sprzedaży będzie data dzisiejsza.",
"By default, the Sales Order Created will be in Draft Mode. If enabled, the Sales Order will be submitted once created.","Domyślnie utworzone zamówienie sprzedaży będzie w trybie roboczym. Jeśli ta opcja jest włączona, zamówienie sprzedaży zostanie wysłane po utworzeniu.",
"By default, the Sales Order's  Transaction Date will be equal to Fee Schedule's Transaction Date. If disabled then Sales Order's Transaction Date will be today's date.","Domyślnie data transakcji zamówienia sprzedaży będzie równa dacie transakcji w tabeli opłat. Jeśli ta opcja jest wyłączona, datą transakcji zamówienia sprzedaży będzie data dzisiejsza.",
Can't create standard criteria. Please rename the criteria,Nie można utworzyć kryteriów standardowych. Zmień nazwę kryteriów.,
Cancelled,Anulowano,
Cannot enroll more than {0} students for this student group.,Nie można zapisać do tej grupy studentów więcej niż {0}.,
Cannot mark attendance for future dates.,Nie można zaznaczyć obecności na przyszłe daty.,
Cannot set multiple Item Defaults for a company.,Nie można ustawić wielu domyślnych pozycji dla jednej firmy.,
Category,Kategoria,
Check all,Zaznacz wszystko,
Check this if the Student is residing at the Institute's Hostel.,"Zaznacz to pole, jeśli Student mieszka w akademiku Instytutu.",
City,Miasto,
Class Schedule Color,Kolor planu zajęć,
Clear Demo Data,Wyczyść dane demonstracyjne,
Color,Kolor,
Comment,Komentarz,
Company,Firma,
Compare List function takes on list arguments,Funkcja listy porównawczej przyjmuje argumenty listy,
Components,Komponenty,
Connections,Powiązania,
Content,Treść,
Content Type,Typ zawartości,
Correct,Prawidłowy,
Cost Center,Centrum kosztów,
Country,Kraj,
Course,Kurs,
Course Activity,Aktywność kursu,
Course Assessment Criteria,Kryteria oceny kursu,
Course Code,Kod kursu,
Course End Date,Data zakończenia kursu,
Course Enrollment,Zapisy na kurs,
Course Enrollment {0} does not exists,Zapisy na kurs {0} nie istnieją,
Course Name,Nazwa kursu,
Course Schedule,Harmonogram kursu,
Course Scheduling Failed,Nie udało się zaplanować kursu,
Course Scheduling Tool,Narzędzie do planowania kursów,
Course Start Date,Data rozpoczęcia kursu,
Course Start Date cannot be greater than Course End Date.,Data rozpoczęcia kursu nie może być późniejsza niż data zakończenia kursu.,
Course Topic,Temat kursu,
Course and Assessment,Kurs i ocena,
Course is mandatory in row {0},Kurs jest obowiązkowy w rzędzie {0},
Course wise Assessment Report,Raport z oceny według kursu,
Course {0} has been added to all the selected programs successfully.,Kurs {0} został pomyślnie dodany do wszystkich wybranych programów.,
Courses,Kursy,
Courses updated,Kursy zaktualizowane,
Create,Tworzyć,
Create Fee Schedule,Utwórz harmonogram opłat,
Create Sales Order instead of Sales Invoice,Utwórz zamówienie sprzedaży zamiast faktury sprzedaży,
Create Student Groups,Utwórz grupy studenckie,
Creating student groups,Tworzenie grup studenckich,
Currency,Waluta,
Current Academic Term,Aktualny semestr akademicki,
Current Academic Year,Aktualny rok akademicki,
Customer,Klient,
Customer Details,Dane Klienta,
Customer Group,Grupa klientów,
Customer {0} created and linked to Student,Klient {0} został utworzony i połączony ze Studentem,
Customer {0} updated,Klient {0} zaktualizowany,
Date,Data,
Date of Birth,Data urodzenia,
Date of Birth cannot be greater than Joining Date.,Data urodzenia nie może być późniejsza niż data dołączenia.,
Date of Birth cannot be greater than today.,Data urodzenia nie może przypadać później niż dziś.,
Date of Leaving,Data wyjazdu,
Days HTML,Dni HTML,
Default Cost Center,Domyślne Centrum Kosztów,
Default Grading Scale,Domyślna skala oceniania,
Default Income Account,Domyślne konto przychodów,
Department,Dział,
Description,Opis,
Designation,Oznaczenie,
Details,Szczegóły,
Disabled,Wyłączony,
Discount cannot be greater than 100%  in row {0},Rabat nie może być większy niż 100% w wierszu {0},
Discount(%),Rabat(%),
Do you want to update attendance? <br> Present: {0} <br> Absent: {1},Czy chcesz zaktualizować listę obecności?<br> Obecny: {0}<br> Nieobecny: {1},
Draft,Wersja robocza,
Due Date,Termin,
Due Date in row {0} should be greater than or same as today's date.,Data wykonania w wierszu {0} musi być większa lub taka sama jak data dzisiejsza.,
Duplicate Entry,Duplikat wpisu,
Duplicate roll number for student {0},Duplikat numeru indeksu dla studenta {0},
Duration,Czas trwania,
EDU-APP-.YYYY.-,EDU-APLIKACJA-.YYYY.-,
EDU-ATT-.YYYY.-,EDU-ATT-.RRRR.-,
EDU-CSH-.YYYY.-,EDU-CSH-.RRRR.-,
EDU-FEE-.YYYY.-,Opłata za edukacje-.RRRR.-,
EDU-FSH-.YYYY.-,EDU-FSH-.RRRR.-,
EDU-FST-.YYYY.-,EDU-FST-.RRRR.-,
EDU-INS-.YYYY.-,EDU-INS-.RRRR.-,
EDU-STU-.YYYY.-,EDU-STU-.RRRR.-,
Edit Posting Date and Time,Edytuj datę i godzinę publikacji,
Education,Edukacja,
Education Manager,Menedżer ds. edukacji,
Education Settings,Placówki edukacyjne,
Eligibility and Details,Uprawnienia i szczegóły,
Email,E-mail,
Email Address,Adres e-mail,
Employee,Pracownik,
Employee ID is linked with another instructor,Identyfikator pracownika jest powiązany z innym instruktorem,
Employee Number,Numer pracownika,
Enable Admission Application,Włącz wniosek o przyjęcie,
Enabled,Włączony,
End on,Podłużnie,
Enroll,Zapisać,
Enroll Students,Zapisz studentów,
Enrolled courses,Zapisane kursy,
Enrolling student,Zapisujący student,
Enrolling students,Zapisy studentów,
Enrollment,Zapisy,
Enrollment Date,Data rejestracji,
Enrollment Details,Szczegóły dotyczące zapisów,
Enter 0 to waive limit,"Wprowadź 0, aby zrezygnować z limitu",
Error Log,Dziennik błędów,
Error during payment: {0},Błąd podczas płatności: {0},
Error during payment: {0} Please contact the Administrator. Amount {1} Currency {2} Formatted {3},Błąd podczas płatności: {0} Prosimy o kontakt z administratorem. Kwota {1} Waluta {2} Sformatowana {3},
Evaluate,Oceniać,
Examiner,Egzaminator,
Examiner Name,Imię i nazwisko egzaminatora,
Exit,Wyjście,
Fail,Porażka,
Failed,Nie udało się uwierzytelnić klucza API.,
Failure Description,Opis awarii,
Father,Ojciec,
Fee,Opłata,
Fee Breakup (each student),Podział opłat (dla każdego studenta),
Fee Category,Kategoria opłat,
Fee Category Default,Domyślna kategoria opłat,
Fee Component,Składnik opłaty,
Fee Component {0} is not part of Fee Structure {1},Składnik opłaty {0} nie jest częścią struktury opłat {1},
Fee Records Created - {0},Utworzono rekordy opłat - {0},
Fee Schedule,Tabela opłat,
Fee Schedule Details,Szczegóły tabeli opłat,
Fee Schedule Program,Program harmonogramu opłat,
Fee Schedule Student Group,Tabela opłat dla grupy studenckiej,
Fee Structure,Struktura opłat,
"Fee records will be created in the background.
                In case of any error the error message will be updated in the Schedule.",Rekordy opłat będą tworzone w tle. W przypadku wystąpienia jakiegokolwiek błędu komunikat o błędzie zostanie zaktualizowany w Harmonogramie.,
Fees,Opłaty,
Fees Category,Kategoria opłat,
Fees Collected,Pobrane opłaty,
Female,Kobieta,
Final Assessment Grades,Oceny końcowe,
First Name,Imię,
Following course schedules were created,Utworzono następujące plany zajęć,
"For Batch based Student Group, the Student Batch will be validated for every Student from the Program Enrollment.","W przypadku grup studenckich opartych na grupach, grupa studencka będzie zatwierdzana dla każdego studenta z rejestracji w programie.",
"For Course based Student Group, the Course will be validated for every Student from the enrolled Courses in Program Enrollment.","W przypadku grup studenckich opartych na kursach, kurs zostanie zatwierdzony dla każdego studenta z kursów zapisanych w ramach programu.",
Frappe Support,Wsparcie Frappe,
Friday,Wtorek,
From Date,Od daty,
From Time,Z czasu,
From Time cannot be greater than To Time.,Od czasu nie może być większe niż Do czasu.,
Full Name,Całkowicie Rozliczone,
Gender,Księga główna,
General,Ogólny,
Get Courses,Uzyskaj kursy,
Get Students,Zdobądź studentów,
Get Students From,Zdobądź studentów z,
Grade,Suma całkowita,
Grade Code,Kod oceny,
Grade Description,Opis stopnia,
Grading Basis,Podstawa oceniania,
Grading Scale,Skala ocen,
Grading Scale Interval,Interwał skali ocen,
Grading Scale Intervals,Przedziały skali ocen,
Grading Scale Name,Nazwa skali ocen,
Grand Total,Suma całkowita,
Group Based On,Grupa oparta na,
Group Based on,Grupa oparta na,
Group Roll No,Numer rolki grupowej,
Group Roll Number,Numer grupy,
Guardian,Opiekun,
Guardian Details,Szczegóły dotyczące opiekuna,
Guardian Interest,Zainteresowanie opiekuna,
Guardian Interests,Interesy opiekunów,
Guardian Name,Imię opiekuna,
Guardian Student,Opiekun Studenta,
Guardian1 Email ID,Identyfikator e-mail Guardian1,
Guardian1 Mobile No,Numer komórkowy Guardian1,
Guardian1 Name,Imię i nazwisko opiekuna 1,
Guardian2 Email ID,Identyfikator e-mail Guardian2,
Guardian2 Mobile No,Numer komórkowy Guardian2,
Guardian2 Name,Imię i nazwisko opiekuna2,
Guardians,Strażnicy,
Hero Image,Obraz bohatera,
House Name,Nazwa domu,
"If enabled, field Academic Term will be Mandatory in Program Enrollment Tool.","Jeśli opcja jest włączona, pole Semestr akademicki będzie obowiązkowe w Narzędziu do rejestracji w programie.",
Image,Obrazek,
In Process,Przetwarzany,
In Words,Słownie,
Include Payment,Dołącz płatności,
Income Account,Konto przychodów,
Institution,Instytucja,
Instructor,Instruktor,
Instructor Log,Dziennik instruktora,
Instructor Name,Imię i nazwisko instruktora,
Instructor Records to be created by,"Zapisy instruktorów, które mają zostać utworzone przez",
Instructors,Instruktorzy,
Interest,Odsetki i/lub opłata za wezwanie do zapłaty,
Interests,Zainteresowania,
Intervals,Interwały,
Introduction,Nieprawidłowa przydzielona kwota,
Invalid Enrollment {0} for student {1},Nieprawidłowy zapis {0} dla studenta {1},
Invalid document provided.,Dostarczono nieprawidłowy dokument.,
Invite as User,Zaproś jako użytkownika,
Invoice Created,Faktura utworzona,
Invoice Pending,Oczekująca faktura,
Is Correct,Jest poprawne,
Is Group,Grupowe,
Is Mandatory,Obowiązkowy,
Is Time-Bound,Jest ograniczony czasowo,
Item,Przedmiot,
Joining Date,Data dołączenia,
Joining Date can not be greater than Leaving Date,Data dołączenia nie może być późniejsza niż data opuszczenia,
Keyboard Shortcuts,Skrót klawiszowy,
Language Name,Nazwa Język,
Last Name,Data ostatniego zamówienia,
Latest Attempt,Najnowsza próba,
Latest Highest Score,Najnowszy najwyższy wynik,
Leave,Wyjazd,
Leave Application,Wniosek o urlop,
Leave application {0} already exists against the student {1},Wniosek o urlop {0} już istnieje w przypadku studenta {1},
Leave blank if you make students groups per year,"Pozostaw puste, jeśli tworzysz grupy uczniów na rok",
Leaving Certificate Number,Numer świadectwa ukończenia szkoły,
Ledger Entries will be created against the company mentioned here.,Wpisy w księdze głównej zostaną utworzone dla firmy wymienionej tutaj.,
Left,Prawny,
Letter Head,Nagłówek strony,
Log,Dziennik,
Make Academic Term Mandatory,Uczynić termin akademicki obowiązkowym,
Male,Mężczyzna,
Mandatory,Obowiązkowe,
Mandatory Fields,Pola obowiązkowe,
Mandatory field - Academic Year,Pole obowiązkowe - Rok akademicki,
Mandatory field - Get Students From,Pole obowiązkowe - Pobierz studentów z,
Mandatory field - Program,Pole obowiązkowe - Program,
Mark Attendance,Zaznacz obecność,
Mark as Present,Oznacz jako obecne,
Marking attendance,Sprawdzanie obecności,
Max Attempts,Maksymalna liczba prób,
Max Strength,Maksymalna liczność,
Max strength cannot be less than zero.,Maksymalna liczność nie może być mniejsza od zera.,
Maximum Age,Maksymalny wiek,
Maximum Assessment Score,Maksymalny wynik oceny,
Maximum Score,Maksymalna liczba punktów,
Maximum attempts for this quiz reached!,Osiągnięto maksymalną liczbę prób rozwiązania tego quizu!,
Medical,Medyczny,
Middle Name,Drugie imię,
Minimum Age,Minimalny wiek,
Mobile,Przenośny,
Mobile Number,Numer telefonu komórkowego,
Monday,Poniedziałek,
Month,Miesiąc,
Mother,Matka,
Multiple Correct Answer,Wiele poprawnych odpowiedzi,
NO,Nr,
Name,Nazwa,
Naming Series,Wzorzec nazwy,
Naming Series (for Student Applicant),Wzorzec nazwy (dla kandydatów na studia),
Nationality,Narodowość,
New Academic Term,Nowy semestr akademicki,
New Academic Year,Nowy Rok Akademicki,
New Program,Nowy program,
New Student Batch,Nowa grupa studentów,
Newsletter,Biuletyn,
No Academic Terms found for Academic Year {0},Nie znaleziono terminów akademickich dla roku akademickiego {0},
No Result to submit,Brak wyników do przesłania,
No Student Groups created.,Nie utworzono żadnych grup studenckich.,
No Students in,Brak uczniów w,
No attendance has been marked for {0} as it is a Holiday,"W dniu {0} nie odnotowano obecności, ponieważ jest to święto",
No classes found in the leave period,Nie znaleziono zajęć w okresie urlopowym,
No correct answer is set for {0},Nie ustawiono prawidłowej odpowiedzi dla {0},
No students Found,Nie znaleziono żadnych studentów,
No students found,Nie znaleziono żadnych uczniów,
No. of Meetings Attended by Parents,"Liczba spotkań, w których uczestniczyli rodzice",
Not eligible for the admission in this program as per Date Of Birth,Nie kwalifikujesz się do przyjęcia na ten program ze względu na datę urodzenia,
O+,O +,
O-,TO-,
Occupation,Zawód,
"Only the Student Applicant with the status ""Approved"" will be selected in the table below.",W poniższej tabeli wybrani zostaną tylko kandydaci-studenci ze statusem „Zatwierdzony”.,
Option,Opcja,
Options,Opcje,
Order Created,Zamówienie utworzone,
Order ID,Numer zamówienia,
Order Pending,Zamówienie oczekujące,
Other Details,Wartość wyjściowa,
Other details,Inne szczegóły,
Others,Inne,
Outstanding Amount,Dopuszczalne przekroczenie fakturowania (%),
Outstanding Amt,Kwota zaległ.,
Overdue,Zaległy,
Paid,Zapłata,
Paid Amount,Zapłacona kwota,
Parent Assessment Group,Grupa Oceny Rodziców,
Parents Teacher Meeting Attendance,Obecność na zebraniach rodzicielsko-nauczycielskich,
Pass,Przejście,
Passing Score,Wynik zaliczeniowy,
Passing Score value should be between 0 and 100,Wartość wyniku zaliczeniowego powinna mieścić się w przedziale od 0 do 100,
Payment,Płatność,
Payment Record,Rejestr płatności,
Payment Request,Żądanie płatności,
Payment for {0} course,Płatność za {0} kurs,
Payment request {0} created,Utworzono prośbę o płatność {0},
Payments,Płatności,
Personal Details,Dane osobowe,
Pincode,Kod PIN,
Please add programs to enable admission application.,Proszę dodać programy umożliwiające składanie podań o przyjęcie.,
Please define grade for Threshold 0%,Proszę zdefiniować ocenę dla progu 0%,
Please enter the Academic Year and set the Start and End date.,Proszę wprowadzić rok akademicki oraz ustawić datę rozpoczęcia i zakończenia.,
Please fill in all the details to generate Assessment Result.,"Wypełnij wszystkie pola, aby wygenerować wynik oceny.",
Please fill in all the mandatory fields.,Proszę wypełnić wszystkie pola obowiązkowe.,
Please select Course,Proszę wybrać kurs,
Please select Employee,Proszę wybrać pracownika,
Please select Program,Proszę wybrać program,
Please select a Program first.,Proszę najpierw wybrać program.,
Please select at least one day to schedule the course.,"Proszę wybrać co najmniej jeden dzień, aby zaplanować kurs.",
Please select date,Proszę wybrać datę,
Please select the assessment group other than 'All Assessment Groups',Proszę wybrać grupę oceny inną niż „Wszystkie grupy oceny”,
Please set Email Address,Proszę ustawić adres e-mail,
Please set a default Holiday List for Company {0},Proszę ustawić domyślną listę świąt dla firmy {0},
Please set the Email ID for the Student to send the Payment Request,"Proszę ustawić adres e-mail, na który uczeń będzie mógł wysłać prośbę o płatność",
Please setup Instructor Naming System in Education > Education Settings,Skonfiguruj system nazewnictwa instruktorów w sekcji Edukacja &gt; Ustawienia edukacyjne,
Please setup Students under Student Groups,Proszę skonfigurować uczniów w grupach uczniów,
Portal Settings,Ustawienia portalu,
Posting Date,Czas publikacji,
Posting Time,Czas publikacji,
Present,Obecny,
Print Heading,Wydrukuj paragon po zakończeniu zamówienia,
Print Report Card,Wydrukuj kartę raportu,
Print Settings,Ustawienia drukowania,
Printing Settings,Ustawienia drukowania,
Program,Program,
Program Abbreviation,Skrót programu,
Program Course,Kurs programu,
Program Enrollment,Zapisy do programu,
Program Enrollment Course,Kurs rejestracyjny do programu,
Program Enrollment Fee,Opłata za rejestrację w programie,
Program Enrollment Tool,Narzędzie do rejestracji w programie,
Program Enrollment Tool Student,Narzędzie do rejestracji w programie dla studentów,
Program Fee,Opłata za program,
Program Name,Nazwa programu,
Program and Course,Program i kurs,
Program in the Fee Structure and Student Group {0} are different.,Program w strukturze opłat i grupie studenckiej {0} są różne.,
Program wise Fee Collection,Pobieranie opłat według programu,
Programs,Programy,
Programs updated,Programy zaktualizowane,
Publish Date,Data publikacji,
Publish on website,Opublikuj na stronie internetowej,
Question,Pytanie,
Question Link,Link do pytania,
Quiz,Kwiz,
Quiz Activity,Aktywność quizowa,
Quiz Configuration,Konfiguracja quizu,
Quiz Question,Pytanie quizowe,
Quiz Result,Wynik quizu,
Quiz {0} does not exist,Quiz {0} nie istnieje,
Razorpay Data,Dane Razorpay,
Razorpay Key,Klucz Razorpay,
Razorpay Secret,Tajemnica Razorpay,
Reason,Powód wstrzymania:,
Reason For Leaving,Powód odejścia,
Receivable Account,Konto należności,
Reject,Odrzucić,
Rejected,Odrzucony,
Relation,Relacja,
Relation with Guardian1,Relacja z Guardian1,
Relation with Guardian2,Relacja z Guardian2,
Relations,Kontakty,
Remaining,Pozostały,
Report,Raport,
Report Settings,Ustawienia raportu,
Reports,Raporty,
Reschedule,Przełożyć,
Result,Wynik,
Result HTML,Wynik HTML,
Result already Submitted,Wynik już przesłany,
Room,Pokój,
Room Name,Nazwa pokoju,
Room Number,Numer pokoju,
Route,Przejście,
Row {0}:Sibling Date of Birth cannot be greater than today.,Wiersz {0}: Data urodzenia rodzeństwa nie może być późniejsza niż dzisiejsza.,
Sales Invoice Posting Date should be same as Fee Schedule Posting Date,Data zaksięgowania faktury sprzedaży powinna być taka sama jak data zaksięgowania tabeli opłat,
Sales Order Posting Date should be same as Fee Schedule Posting Date,Data zaksięgowania zamówienia sprzedaży powinna być taka sama jak data zaksięgowania harmonogramu opłat,
Saturday,Sobota,
Saved,Zapisano,
Schedule,Harmonogram,
Schedule Course,Harmonogram kursu,
Schedule Date,Data harmonogramu,
Schedule date selected does not lie within the Academic Term of the Student Group {0}.,Wybrana data w harmonogramie nie mieści się w okresie akademickim grupy studenckiej {0}.,
Schedule date selected does not lie within the Academic Year of the Student Group {0}.,Wybrana data w harmonogramie nie mieści się w roku akademickim grupy studenckiej {0}.,
Scheduled Upto,Zaplanowano do,
Scheduling...,Planowanie...,
School / College Logo,Logo szkoły/uczelni,
School / College Name Abbreviation,Skrót nazwy szkoły/uczelni,
School House,Szkoła,
Score,Wynik,
Score cannot be greater than Maximum Score,Wynik nie może być większy od maksymalnego wyniku,
Score out of 100,Wynik w skali 100,
Seating Capacity,Pojemność miejsc siedzących,
Select students manually for the Activity based Group,Wybierz uczniów ręcznie do grupy opartej na aktywnościach,
Select the program first,Najpierw wybierz program,
Selected Option,Wybrana opcja,
Send Payment Request,Wyślij prośbę o płatność,
Send Payment Request Email,Wyślij e-mail z prośbą o płatność,
Separate course based Group for every Batch,Oddzielna grupa oparta na kursie dla każdej grupy,
Series,Numer seryjny,
Set 0 for no limit,"Ustaw 0, aby nie było limitu",
Show Marks,Pokaż znaki,
Sibling Details,Szczegóły rodzeństwa,
Siblings,Rodzeństwo,
Signature,Podpis,
Single Correct Answer,Jedna poprawna odpowiedź,
Skip User creation for new Student,Pomiń tworzenie użytkownika dla nowego ucznia,
Start on,Zacznij od,
State,Stan,
Status,Status,
Student,Student,
Student Address,Adres studenta,
Student Admission,Przyjęcie studentów,
Student Admission Program,Program przyjęć studentów,
Student Admissions,Rekrutacja studentów,
Student Applicant,Kandydat na studenta,
Student Attendance,Obecność studentów,
Student Attendance Tool,Narzędzie do monitorowania obecności uczniów,
Student Attendance record {0} already exists against the Student {1},Rekord obecności studenta {0} już istnieje dla studenta {1},
Student Batch,Grupa studencka,
Student Batch Name,Nazwa grupy studenckiej,
Student Batch-Wise Attendance,Frekwencja według roczników studentów,
Student Category,Kategoria studentów,
Student Data,Dane ucznia,
Student Details,Szczegóły dotyczące ucznia,
Student Email,Adres e-mail studenta,
Student Email Address,Adres e-mail studenta,
Student Email ID,Identyfikator e-mail studenta,
Student Fee Collection,Pobieranie opłat studenckich,
Student Group,Grupa studencka,
Student Group Creation Tool,Narzędzie do tworzenia grup studenckich,
Student Group Creation Tool Course,Kurs tworzenia narzędzi dla grup studenckich,
Student Group Instructor,Instruktor grupy studenckiej,
Student Group Name,Nazwa grupy studenckiej,
Student Group Name is mandatory in row {0},Nazwa grupy studenckiej jest obowiązkowa w wierszu {0},
Student Group Strength,Liczność grupy studenckiej,
Student Group Student,Grupa studencka Student,
Student Group is already updated.,Grupa studencka została już zaktualizowana.,
Student Group is mandatory,Grupa studencka jest obowiązkowa,
Student Guardian,Opiekun ucznia,
Student ID,Legitymacja studencka,
Student Language,Język studenta,
Student Leave Application,Wniosek o urlop studencki,
Student Log,Dziennik ucznia,
Student Mobile No.,Numer telefonu komórkowego studenta,
Student Mobile Number,Numer telefonu komórkowego studenta,
Student Monthly Attendance Sheet,Miesięczny arkusz obecności ucznia,
Student Name,Imię i nazwisko studenta,
Student Report Card,Karta oceny ucznia,
Student Report Generation Tool,Narzędzie do generowania raportów dla uczniów,
Student Sibling,Rodzeństwo ucznia,
Student Siblings,Rodzeństwo studentów,
Student and Guardian Contact Details,Dane kontaktowe ucznia i opiekuna,
Student is already enrolled via Course Enrollment {0},Student jest już zapisany poprzez Zapisy na Kurs {0},
Student is already enrolled.,Uczeń jest już zapisany.,
Student with email {0} does not exist,Uczeń o adresie e-mail {0} nie istnieje,
Student {0} - {1} appears Multiple times in row {2} & {3},Uczeń {0} - {1} pojawia się wiele razy w wierszu {2} i {3},
Student {0} does not belong to group {1},Uczeń {0} nie należy do grupy {1},
Student {0} exist against student applicant {1},Student {0} istnieje przeciwko kandydatowi na studenta {1},
Student {0}: {1} does not belong to Student Group {2},Uczeń {0}: {1} nie należy do grupy studenckiej {2},
Students,Studenci,
Students HTML,Studenci HTML,
Studying in Same Institute,Studiowanie w tym samym instytucie,
Submit,Zatwierdź,
Submit Sales Invoice from Program Enrollment / Fee Schedule,Prześlij fakturę sprzedaży z rejestracji programu/harmonogramu opłat,
Submit Sales Order from Program Enrollment / Fee Schedule,Prześlij zamówienie sprzedaży z Rejestracji w Programie/Harmonogramu opłat,
Submitted,Zatwierdzony,
Sum of Scores of Assessment Criteria needs to be {0}.,Suma punktów kryteriów oceny musi wynosić {0}.,
Summary,Streszczenie,
Sunday,Niedziela,
Supervisor,Kierownik,
Supervisor Name,Imię i nazwisko przełożonego,
System Health,Zdrowie systemu,
System Manager,Menadżer Systemu,
Term,Termin,
Term End Date,Data zakończenia semestru,
Term Name,Nazwa terminu,
Term Start Date,Data rozpoczęcia semestru,
Terms,Warunki,
The Term End Date cannot be before the Term Start Date. Please correct the dates and try again.,Data zakończenia semestru nie może przypadać przed datą rozpoczęcia semestru. Popraw daty i spróbuj ponownie.,
The Term cannot end after the Academic Year {0},Semestr nie może zakończyć się po roku akademickim {0},
The Term cannot start before the Academic Year {0},Semestr nie może rozpocząć się przed rokiem akademickim {0},
The Year End Date cannot be earlier than the Year Start Date. Please correct the dates and try again.,Data zakończenia roku obrotowego nie może być wcześniejsza niż data rozpoczęcia roku obrotowego. Popraw daty i spróbuj ponownie.,
The question cannot be duplicate,Pytanie nie może być duplikatem,
There is a problem with the payment gateway. Please contact the Administrator to proceed.,"Wystąpił problem z bramką płatności. Aby kontynuować, skontaktuj się z administratorem.",
There were errors creating Course Schedule,Wystąpiły błędy podczas tworzenia harmonogramu kursu,
This article is already added to the existing topics,Ten artykuł został już dodany do istniejących tematów,
This course is already added to the existing programs,Ten kurs został już dodany do istniejących programów,
This is based on the attendance of this Student,Opiera się to na frekwencji tego ucznia,
This is based on the course schedules of this Instructor,Opiera się na harmonogramach kursów tego instruktora,
This quiz is already added to the existing topics,Ten quiz został już dodany do istniejących tematów,
This topic is already added to the existing courses,Ten temat został już dodany do istniejących kursów,
This {0} conflicts with {1} for {2} {3},Ten {0} koliduje z {1} dla {2} {3},
Threshold,Próg,
Thursday,Piątek,
Time Taken,Czas zajęty,
Title,Tytuł,
To Date,Do daty,
To Time,"Aby anulować tę fakturę sprzedaży, należy anulować zamknięcie wpisu POS {}.",
Tools,Narzędzia,
Topic,Temat,
Topic Content,Treść tematu,
Topic Name,Nazwa tematu,
Topic {0} has been added to all the selected courses successfully.,Temat {0} został pomyślnie dodany do wszystkich wybranych kursów.,
Topics,Tematy,
Topics updated,Tematy zaktualizowane,
Total,Całkowita kwota do zapłaty,
Total Absent,Całkowita nieobecność,
Total Amount,Wszystkich Zafakturowane Godziny,
Total Amount per Student,Całkowita kwota na ucznia,
Total Collected: {0},Łącznie zebrano: {0},
Total Leave,Całkowity urlop,
Total Leave Days,Łączna liczba dni urlopu,
Total Outstanding: {0},Łączna kwota do zapłaty: {0},
Total Parents Teacher Meeting,Spotkanie rodziców i nauczycieli,
Total Present,Całkowita teraźniejszość,
Total Score,Wynik całkowity,
Total Student,Łączna liczba studentów,
Total Students,Łączna liczba studentów,
Total Weightage of all Assessment Criteria must be 100%,Łączna waga wszystkich kryteriów oceny musi wynosić 100%.,
Total amount in the table should be equal to the total amount from fee structure,Łączna kwota w tabeli powinna być równa łącznej kwocie z tytułu struktury opłat,
Total amount of Fee Schedules exceeds the Total Amount of Fee Structure,Łączna kwota tabel opłat przekracza łączną kwotę struktury opłat,
Treshold {0}% appears more than once,Próg {0}% pojawia się więcej niż raz,
Tuesday,Wtorek,
Type,Typ,
Uncheck all,Odznacz wszystko,
Unpaid,Nieuzgodnione wpisy,
User ID,ID Użytkownika,
User Id,Identyfikator użytkownika,
User {0} already exists,Użytkownik {0} już istnieje,
User {0} created,Utworzono użytkownika {0},
Validate Batch for Students in Student Group,Sprawdź partię dla uczniów w grupie studenckiej,
Validate Enrolled Course for Students in Student Group,Sprawdź zapisany kurs dla studentów w grupie studenckiej,
Video,Wideo,
View,Wyświetl,
Wednesday,Witamy w {0},
Weightage,Waga,
Work Address,Adres służbowy,
Wrong,Zło,
YES,TAK,
Year,Rok,
Year End Date,Data zakończenia roku,
Year Start Date,Rok Data rozpoczęcia,
You are not allowed to enroll for this course,Nie masz uprawnień do zapisania się na ten kurs,
You are not enrolled in program {0},Nie jesteś zapisany do programu {0},
You have already assessed for the assessment criteria {}.,Oceniono już Twoje kryteria oceny {}.,
amber,bursztyn,
blue,niebieski,
cyan,cyjan,
green,zielony,
lft,lft,
old_parent,stary_rodzic,
orange,pomarańczowy,
pink,różowy,
purple,fioletowy,
red,czerwony,
rgt,prawo,
teal,cyraneczka,
violet,fioletowy,
yellow,żółty,
{0} - {1} is inactive student,{0} - {1} jest nieaktywnym studentem,
{0} - {1} is not enrolled in the Batch {2},{0} - {1} nie jest zapisany w partii {2},
{0} - {1} is not enrolled in the Course {2},{0} - {1} nie jest zapisany na kurs {2},
{0} Fee Schedule(s) created,Utworzono {0} tabelę(y) opłat,
{0} Result submittted,{0} Wynik przesłany,
{0} Student Groups created.,Utworzono {0} grup studenckich.,
{0} Students have been enrolled,{0} Zapisano studentów,
{0} is mandatory,{0} jest wstrzymane do {1},
{0} or {1} is mandatory,{0} lub {1} jest obowiązkowe,
{0} {1} has been added to all the selected topics successfully.,{0} {1} został pomyślnie dodany do wszystkich wybranych tematów.,
